<?xml version="1.0" encoding="UTF-8"?>
<project-private xmlns="http://www.netbeans.org/ns/project-private/1">
    <editor-bookmarks xmlns="http://www.netbeans.org/ns/editor-bookmarks/2" lastBookmarkId="0"/>
    <open-files xmlns="http://www.netbeans.org/ns/projectui-open-files/2">
        <group>
            <file>file:/D:/OneDrive/Documents/NetBeansProjects/QuanLyhonhan/src/quanlyhonhan/Tamtrutamvang.java</file>
            <file>file:/D:/OneDrive/Documents/NetBeansProjects/QuanLyhonhan/src/quanlyhonhan/Nguoidung.java</file>
            <file>file:/D:/OneDrive/Documents/NetBeansProjects/QuanLyhonhan/src/quanlyhonhan/Thuphidichvu.java</file>
            <file>file:/D:/OneDrive/Documents/NetBeansProjects/QuanLyhonhan/src/quanlyhonhan/Nhankhau.java</file>
            <file>file:/D:/OneDrive/Documents/NetBeansProjects/QuanLyhonhan/src/quanlyhonhan/Hokhau.java</file>
            <file>file:/D:/OneDrive/Documents/NetBeansProjects/QuanLyhonhan/src/quanlyhonhan/Quanlyhoatdong.java</file>
        </group>
    </open-files>
</project-private>
